{
    "AWS::AutoScaling::LaunchConfiguration": {
        "resourceProperties": {
            "InstanceType": "t2.micro"
        }
    },
    "AWS::Cloud9::EnvironmentEC2": {
        "resourceProperties": {
            "InstanceType": "t2.micro"
        }
    },
    "AWS::EC2::CapacityReservation": {
        "resourceProperties": {
            "AvailabilityZone": "us-east-2a",
            "InstanceCount": 1,
            "InstanceMatchCriteria": "targeted",
            "InstancePlatform": "Linux/UNIX",
            "InstanceType": "t1.micro"
        }
    },
    "AWS::EC2::CapacityReservationFleet": {
        "resourceProperties": {
            "AllocationStrategy": "prioritized",
            "InstanceTypeSpecifications": [
                {
                    "InstanceType": "t1.micro",
                    "InstancePlatform": "Linux/UNIX",
                    "AvailabilityZone": "us-east-2a",
                    "Weight": 1,
                    "Priority": 1
                },
                {
                    "InstanceType": "t2.micro",
                    "InstancePlatform": "Linux/UNIX",
                    "AvailabilityZone": "us-east-2a",
                    "Weight": 1,
                    "Priority": 2
                }
            ],
            "Tenancy": "default",
            "TotalTargetCapacity": 2,
            "InstanceMatchCriteria": "open"
        }
    },
    "AWS::EC2::Host": {
        "resourceProperties": {
            "InstanceType": "t2.micro"
        }
    },
    "AWS::EC2::Instance": {
        "resourceProperties": {
            "InstanceType": "t2.micro"
        }
    },
    "AWS::EC2::LaunchTemplate": {
        "resourceProperties": {
            "LaunchTemplateData": {
                "InstanceRequirements": {
                    "AcceleratorCount": {
                        "Max": 1,
                        "Min": 1
                    },
                    "AcceleratorManufacturers": [
                        "amazon-web-services"
                    ],
                    "AcceleratorNames": [
                        "a100"
                    ],
                    "AcceleratorTotalMemoryMiB": {
                        "Max": 1,
                        "Min": 1
                    },
                    "AcceleratorTypes": [
                        "gpu"
                    ],
                    "BareMetal": "excluded",
                    "BaselineEbsBandwidthMbps": {
                        "Max": 1,
                        "Min": 1
                    },
                    "BurstablePerformance": "excluded",
                    "CpuManufacturers": [
                        "amazon-web-services"
                    ],
                    "ExcludedInstanceTypes": [
                        "m5.8xlarge"
                    ],
                    "InstanceGenerations": [
                        "current"
                    ],
                    "LocalStorage": "excluded",
                    "LocalStorageTypes": [
                        "ssd"
                    ],
                    "MemoryGiBPerVCpu": {
                        "Max": 1.0,
                        "Min": 1.0
                    },
                    "MemoryMiB": {
                        "Max": 1,
                        "Min": 1
                    },
                    "NetworkInterfaceCount": {
                        "Max": 1,
                        "Min": 1
                    },
                    "OnDemandMaxPricePercentageOverLowestPrice": 20,
                    "RequireHibernateSupport": false,
                    "SpotMaxPricePercentageOverLowestPrice": 100,
                    "TotalLocalStorageGB": {
                        "Max": 1.0,
                        "Min": 1.0
                    },
                    "VCpuCount": {
                        "Max": 1,
                        "Min": 1
                    }
                }
            }
        }
    }
}
