{
    "AWS::AutoScaling::LaunchConfiguration": {
        "resourceProperties": {
            "InstanceType": "invalid"
        }
    },
    "AWS::Cloud9::EnvironmentEC2": {
        "resourceProperties": {
            "InstanceType": "invalid"
        }
    },
    "AWS::EC2::CapacityReservation": {
        "resourceProperties": {
            "AvailabilityZone": "invalid",
            "InstanceCount": 1,
            "InstanceMatchCriteria": "invalid",
            "InstancePlatform": "invalid",
            "InstanceType": "invalid"
        }
    },
    "AWS::EC2::CapacityReservationFleet": {
        "resourceProperties": {
            "AllocationStrategy": "prioritized",
            "InstanceTypeSpecifications": [
                {
                    "InstanceType": "invalid",
                    "InstancePlatform": "invalid",
                    "AvailabilityZone": "invalid"
                }
            ],
            "Tenancy": "default",
            "TotalTargetCapacity": 1,
            "InstanceMatchCriteria": "open"
        }
    },
    "AWS::EC2::Host": {
        "resourceProperties": {
            "InstanceFamily": "invalid"
        }
    },
    "AWS::EC2::Instance": {
        "resourceProperties": {
            "InstanceType": "invalid"
        }
    },
    "AWS::EC2::LaunchTemplate": {
        "resourceProperties": {
            "LaunchTemplateData": {
                "InstanceType": "invalid"
            }
        }
    }
}
