[
    {
        "name": "AWS::CodeDeploy::DeploymentGroup",
        "ignored_target_properties": [
            {
                "property_name": "Ec2TagFilters"
            },
            {
                "property_name": "Ec2TagSet"
            },
            {
                "property_name": "OnPremisesInstanceTagFilters"
            },
            {
                "property_name": "OnPremisesTagSet"
            }
        ]
    },
    {
        "name": "AWS::EC2::TransitGateway",
        "ignored_target_properties": [
            {
                "property_name": "DefaultRouteTablePropagation"
            },
            {
                "property_name": "PropagationDefaultRouteTableId"
            }
        ]
    },
    {
        "name": "AWS::FSx::DataRepositoryAssociation",
        "ignored_target_properties": [
            {
                "property_name": "Tags"
            }
        ]
    },
    {
        "name": "AWS::LakeFormation::DataLakeSettings",
        "ignored_target_properties": [
            {
                "property_name": "AuthorizedSessionTagValueList"
            }
        ]
    },
    {
        "name": "AWS::LakeFormation::Tag",
        "ignored_target_properties": [
            {
                "property_name": "TagValues"
            }
        ]
    },
    {
        "name": "AWS::LakeFormation::TagAssociation",
        "ignored_target_properties": [
            {
                "property_name": "LFTags"
            }
        ]
    },
    {
        "name": "AWS::SageMaker::ModelPackage",
        "ignored_target_properties": [
            {
                "property_name": "Tag"
            }
        ]
    }
]
