{
    "AWS::SQS::QueuePolicy": {
        "resourceProperties": {
            "Queues": [
                "https://sqs:us-east-2.amazonaws.com/444455556666/queue2"
            ],
            "PolicyDocument": {
                "Statement": [
                    {
                        "Action": [
                            "SQS:SendMessage",
                            "SQS:ReceiveMessage"
                        ],
                        "Effect": "Allow",
                        "Resource": "arn:aws:sqs:us-east-2:444455556666:queue2",
                        "Principal": "foo",
                        "Condition": {
                            "Bool": {
                                "aws:SecureTransport": "false"
                            }
                        }
                    }
                ]
            }
        }
    },
    "previousResourceProperties": {
        "Queues": [
            "https://sqs:us-east-2.amazonaws.com/444455556666/queue2"
        ],
        "PolicyDocument": {
            "Statement": [
                {
                    "Action": [
                        "SQS:SendMessage",
                        "SQS:ReceiveMessage"
                    ],
                    "Effect": "Deny",
                    "Resource": "arn:aws:sqs:us-east-2:444455556666:queue2",
                    "Principal": "foo",
                    "Condition": {
                        "Bool": {
                            "aws:SecureTransport": "false"
                        }
                    }
                }
            ]
        }
    }
}
