{
    "typeName": "AWSSamples::SQSPolicyEncryption::Hook",
    "description": "Example hook to verify the SQS policy is configured to enforce encryption in transit.",
        "sourceUrl": "https://github.com/aws-cloudformation/aws-cloudformation-samples/tree/main/hooks/java-hooks/sqs-policy-data-encryption",
    "documentationUrl": "https://github.com/aws-cloudformation/aws-cloudformation-samples/blob/main/hooks/java-hooks/sqs-policy-data-encryption/README.md",
    "typeConfiguration": {
        "properties": {
        },
        "additionalProperties": false
    },
    "required": [],
    "handlers": {
        "preCreate": {
            "targetNames": [
                "AWS::SQS::QueuePolicy"
            ],
            "permissions": []
        },
        "preUpdate": {
            "targetNames": [
                "AWS::SQS::QueuePolicy"
            ],
            "permissions": []
        }
    },
    "additionalProperties": false
}
