{
    "typeName": "AWSSamples::ResourceTags::Hook",
    "description": "Example hook to validate resource tags you require.  This hook is designed to run on create and update pre-provision operations of resource types that support tags, and that are supported in this sample hook.  By default, the hook uses AWS resource types: you have the choice of using third-party, registered, and activated resource types as well.  Validations performed by this sample hook include: tag keys you require are specified; values for all tag keys, including non-required keys, are non-empty; tag values are included in allowed values you specify; tag propagation properties are set for supported resource types (resource-level tags only).",
    "sourceUrl": "https://github.com/aws-cloudformation/aws-cloudformation-samples/tree/main/hooks/python-hooks/resource-tags",
    "documentationUrl": "https://github.com/aws-cloudformation/aws-cloudformation-samples/blob/main/hooks/python-hooks/resource-tags/README.md",
    "typeConfiguration": {
        "properties": {
            "TagKeys": {
                "description": "Comma-delimited list of tag keys you require.",
                "default": "Name,",
                "type": "string"
            },
            "ValidationStrategy": {
                "description": "Choose to specify `resource` (default value), `stack`, or `resource+stack` to validate tag keys and values at the resource level, at the stack level, or both respectively.",
                "default": "resource",
                "type": "string",
                "enum": [
                    "resource",
                    "stack",
                    "resource+stack"
                ]
            }
        },
        "required": [
            "TagKeys"
        ],
        "additionalProperties": false
    },
    "handlers": {
        "preCreate": {
            "targetNames": [
                "AWS::ACMPCA::CertificateAuthority",
                "AWS::APS::RuleGroupsNamespace",
                "AWS::APS::Workspace",
                "AWS::AccessAnalyzer::Analyzer",
                "AWS::AmazonMQ::Broker",
                "AWS::AmazonMQ::Configuration",
                "AWS::Amplify::App",
                "AWS::Amplify::Branch",
                "AWS::AmplifyUIBuilder::Component",
                "AWS::AmplifyUIBuilder::Form",
                "AWS::AmplifyUIBuilder::Theme",
                "AWS::ApiGateway::ApiKey",
                "AWS::ApiGateway::ClientCertificate",
                "AWS::ApiGateway::DomainName",
                "AWS::ApiGateway::RestApi",
                "AWS::ApiGateway::Stage",
                "AWS::ApiGateway::UsagePlan",
                "AWS::ApiGateway::VpcLink",
                "AWS::ApiGatewayV2::Api",
                "AWS::ApiGatewayV2::DomainName",
                "AWS::ApiGatewayV2::Stage",
                "AWS::ApiGatewayV2::VpcLink",
                "AWS::AppConfig::Application",
                "AWS::AppConfig::ConfigurationProfile",
                "AWS::AppConfig::Deployment",
                "AWS::AppConfig::DeploymentStrategy",
                "AWS::AppConfig::Environment",
                "AWS::AppConfig::Extension",
                "AWS::AppConfig::ExtensionAssociation",
                "AWS::AppFlow::Flow",
                "AWS::AppIntegrations::DataIntegration",
                "AWS::AppIntegrations::EventIntegration",
                "AWS::AppMesh::GatewayRoute",
                "AWS::AppMesh::Mesh",
                "AWS::AppMesh::Route",
                "AWS::AppMesh::VirtualGateway",
                "AWS::AppMesh::VirtualNode",
                "AWS::AppMesh::VirtualRouter",
                "AWS::AppMesh::VirtualService",
                "AWS::AppRunner::ObservabilityConfiguration",
                "AWS::AppRunner::Service",
                "AWS::AppRunner::VpcConnector",
                "AWS::AppRunner::VpcIngressConnection",
                "AWS::AppStream::AppBlock",
                "AWS::AppStream::Application",
                "AWS::AppStream::Fleet",
                "AWS::AppStream::ImageBuilder",
                "AWS::AppStream::Stack",
                "AWS::AppSync::GraphQLApi",
                "AWS::ApplicationInsights::Application",
                "AWS::Athena::DataCatalog",
                "AWS::Athena::WorkGroup",
                "AWS::AuditManager::Assessment",
                "AWS::AutoScaling::AutoScalingGroup",
                "AWS::Backup::BackupPlan",
                "AWS::Backup::BackupVault",
                "AWS::Backup::Framework",
                "AWS::Backup::ReportPlan",
                "AWS::BackupGateway::Hypervisor",
                "AWS::Batch::ComputeEnvironment",
                "AWS::Batch::JobDefinition",
                "AWS::Batch::JobQueue",
                "AWS::Batch::SchedulingPolicy",
                "AWS::BillingConductor::BillingGroup",
                "AWS::BillingConductor::CustomLineItem",
                "AWS::BillingConductor::PricingPlan",
                "AWS::BillingConductor::PricingRule",
                "AWS::CE::AnomalyMonitor",
                "AWS::CE::AnomalySubscription",
                "AWS::Cassandra::Keyspace",
                "AWS::Cassandra::Table",
                "AWS::CertificateManager::Certificate",
                "AWS::Cloud9::EnvironmentEC2",
                "AWS::CloudFormation::Stack",
                "AWS::CloudFormation::StackSet",
                "AWS::CloudFront::Distribution",
                "AWS::CloudFront::StreamingDistribution",
                "AWS::CloudTrail::Channel",
                "AWS::CloudTrail::EventDataStore",
                "AWS::CloudTrail::Trail",
                "AWS::CloudWatch::InsightRule",
                "AWS::CloudWatch::MetricStream",
                "AWS::CodeArtifact::Domain",
                "AWS::CodeArtifact::Repository",
                "AWS::CodeBuild::Project",
                "AWS::CodeBuild::ReportGroup",
                "AWS::CodeCommit::Repository",
                "AWS::CodeDeploy::Application",
                "AWS::CodeDeploy::DeploymentGroup",
                "AWS::CodeGuruProfiler::ProfilingGroup",
                "AWS::CodeGuruReviewer::RepositoryAssociation",
                "AWS::CodePipeline::CustomActionType",
                "AWS::CodePipeline::Pipeline",
                "AWS::CodeStarConnections::Connection",
                "AWS::CodeStarNotifications::NotificationRule",
                "AWS::Cognito::UserPool",
                "AWS::Comprehend::Flywheel",
                "AWS::Config::AggregationAuthorization",
                "AWS::Config::ConfigurationAggregator",
                "AWS::Config::StoredQuery",
                "AWS::Connect::ContactFlow",
                "AWS::Connect::ContactFlowModule",
                "AWS::Connect::EvaluationForm",
                "AWS::Connect::HoursOfOperation",
                "AWS::Connect::PhoneNumber",
                "AWS::Connect::QuickConnect",
                "AWS::Connect::Rule",
                "AWS::Connect::TaskTemplate",
                "AWS::Connect::User",
                "AWS::ConnectCampaigns::Campaign",
                "AWS::CustomerProfiles::Domain",
                "AWS::CustomerProfiles::Integration",
                "AWS::CustomerProfiles::ObjectType",
                "AWS::DAX::Cluster",
                "AWS::DLM::LifecyclePolicy",
                "AWS::DMS::Endpoint",
                "AWS::DMS::EventSubscription",
                "AWS::DMS::ReplicationInstance",
                "AWS::DMS::ReplicationSubnetGroup",
                "AWS::DMS::ReplicationTask",
                "AWS::DataBrew::Dataset",
                "AWS::DataBrew::Job",
                "AWS::DataBrew::Project",
                "AWS::DataBrew::Recipe",
                "AWS::DataBrew::Ruleset",
                "AWS::DataBrew::Schedule",
                "AWS::DataPipeline::Pipeline",
                "AWS::DataSync::Agent",
                "AWS::DataSync::LocationEFS",
                "AWS::DataSync::LocationFSxLustre",
                "AWS::DataSync::LocationFSxONTAP",
                "AWS::DataSync::LocationFSxOpenZFS",
                "AWS::DataSync::LocationFSxWindows",
                "AWS::DataSync::LocationHDFS",
                "AWS::DataSync::LocationNFS",
                "AWS::DataSync::LocationObjectStorage",
                "AWS::DataSync::LocationS3",
                "AWS::DataSync::LocationSMB",
                "AWS::DataSync::StorageSystem",
                "AWS::DataSync::Task",
                "AWS::Detective::Graph",
                "AWS::DocDB::DBCluster",
                "AWS::DocDB::DBClusterParameterGroup",
                "AWS::DocDB::DBInstance",
                "AWS::DocDB::DBSubnetGroup",
                "AWS::DocDBElastic::Cluster",
                "AWS::DynamoDB::Table",
                "AWS::EC2::CapacityReservation",
                "AWS::EC2::CapacityReservationFleet",
                "AWS::EC2::CarrierGateway",
                "AWS::EC2::ClientVpnEndpoint",
                "AWS::EC2::CustomerGateway",
                "AWS::EC2::DHCPOptions",
                "AWS::EC2::EC2Fleet",
                "AWS::EC2::EIP",
                "AWS::EC2::FlowLog",
                "AWS::EC2::IPAM",
                "AWS::EC2::IPAMPool",
                "AWS::EC2::IPAMResourceDiscovery",
                "AWS::EC2::IPAMResourceDiscoveryAssociation",
                "AWS::EC2::IPAMScope",
                "AWS::EC2::Instance",
                "AWS::EC2::InternetGateway",
                "AWS::EC2::KeyPair",
                "AWS::EC2::LaunchTemplate",
                "AWS::EC2::LocalGatewayRouteTable",
                "AWS::EC2::LocalGatewayRouteTableVPCAssociation",
                "AWS::EC2::LocalGatewayRouteTableVirtualInterfaceGroupAssociation",
                "AWS::EC2::NatGateway",
                "AWS::EC2::NetworkAcl",
                "AWS::EC2::NetworkInsightsAccessScope",
                "AWS::EC2::NetworkInsightsAccessScopeAnalysis",
                "AWS::EC2::NetworkInsightsAnalysis",
                "AWS::EC2::NetworkInsightsPath",
                "AWS::EC2::NetworkInterface",
                "AWS::EC2::PlacementGroup",
                "AWS::EC2::PrefixList",
                "AWS::EC2::RouteTable",
                "AWS::EC2::SecurityGroup",
                "AWS::EC2::Subnet",
                "AWS::EC2::TrafficMirrorFilter",
                "AWS::EC2::TrafficMirrorSession",
                "AWS::EC2::TrafficMirrorTarget",
                "AWS::EC2::TransitGateway",
                "AWS::EC2::TransitGatewayAttachment",
                "AWS::EC2::TransitGatewayConnect",
                "AWS::EC2::TransitGatewayMulticastDomain",
                "AWS::EC2::TransitGatewayPeeringAttachment",
                "AWS::EC2::TransitGatewayRouteTable",
                "AWS::EC2::TransitGatewayVpcAttachment",
                "AWS::EC2::VPC",
                "AWS::EC2::VPCPeeringConnection",
                "AWS::EC2::VPNConnection",
                "AWS::EC2::VPNGateway",
                "AWS::EC2::VerifiedAccessEndpoint",
                "AWS::EC2::VerifiedAccessGroup",
                "AWS::EC2::VerifiedAccessInstance",
                "AWS::EC2::VerifiedAccessTrustProvider",
                "AWS::EC2::Volume",
                "AWS::ECR::PublicRepository",
                "AWS::ECR::Repository",
                "AWS::ECS::CapacityProvider",
                "AWS::ECS::Cluster",
                "AWS::ECS::Service",
                "AWS::ECS::TaskDefinition",
                "AWS::EFS::AccessPoint",
                "AWS::EFS::FileSystem",
                "AWS::EKS::Addon",
                "AWS::EKS::Cluster",
                "AWS::EKS::FargateProfile",
                "AWS::EKS::IdentityProviderConfig",
                "AWS::EKS::Nodegroup",
                "AWS::EMR::Cluster",
                "AWS::EMR::Studio",
                "AWS::EMRContainers::VirtualCluster",
                "AWS::EMRServerless::Application",
                "AWS::ElastiCache::CacheCluster",
                "AWS::ElastiCache::ParameterGroup",
                "AWS::ElastiCache::ReplicationGroup",
                "AWS::ElastiCache::SecurityGroup",
                "AWS::ElastiCache::SubnetGroup",
                "AWS::ElastiCache::User",
                "AWS::ElastiCache::UserGroup",
                "AWS::ElasticBeanstalk::Environment",
                "AWS::ElasticLoadBalancing::LoadBalancer",
                "AWS::ElasticLoadBalancingV2::LoadBalancer",
                "AWS::ElasticLoadBalancingV2::TargetGroup",
                "AWS::Elasticsearch::Domain",
                "AWS::EventSchemas::Discoverer",
                "AWS::EventSchemas::Registry",
                "AWS::EventSchemas::Schema",
                "AWS::Events::EventBus",
                "AWS::Evidently::Experiment",
                "AWS::Evidently::Feature",
                "AWS::Evidently::Launch",
                "AWS::Evidently::Project",
                "AWS::Evidently::Segment",
                "AWS::FIS::ExperimentTemplate",
                "AWS::FMS::Policy",
                "AWS::FMS::ResourceSet",
                "AWS::FSx::FileSystem",
                "AWS::FSx::Snapshot",
                "AWS::FSx::StorageVirtualMachine",
                "AWS::FSx::Volume",
                "AWS::FinSpace::Environment",
                "AWS::Forecast::Dataset",
                "AWS::Forecast::DatasetGroup",
                "AWS::FraudDetector::Detector",
                "AWS::FraudDetector::EntityType",
                "AWS::FraudDetector::EventType",
                "AWS::FraudDetector::Label",
                "AWS::FraudDetector::List",
                "AWS::FraudDetector::Outcome",
                "AWS::FraudDetector::Variable",
                "AWS::GameLift::GameServerGroup",
                "AWS::GameLift::GameSessionQueue",
                "AWS::GameLift::Location",
                "AWS::GameLift::MatchmakingConfiguration",
                "AWS::GameLift::MatchmakingRuleSet",
                "AWS::GameLift::Script",
                "AWS::GlobalAccelerator::Accelerator",
                "AWS::Glue::Crawler",
                "AWS::Glue::DevEndpoint",
                "AWS::Glue::Job",
                "AWS::Glue::MLTransform",
                "AWS::Glue::Registry",
                "AWS::Glue::Schema",
                "AWS::Glue::Trigger",
                "AWS::Glue::Workflow",
                "AWS::Greengrass::ConnectorDefinition",
                "AWS::Greengrass::CoreDefinition",
                "AWS::Greengrass::DeviceDefinition",
                "AWS::Greengrass::FunctionDefinition",
                "AWS::Greengrass::Group",
                "AWS::Greengrass::LoggerDefinition",
                "AWS::Greengrass::ResourceDefinition",
                "AWS::Greengrass::SubscriptionDefinition",
                "AWS::GreengrassV2::ComponentVersion",
                "AWS::GreengrassV2::Deployment",
                "AWS::GroundStation::Config",
                "AWS::GroundStation::DataflowEndpointGroup",
                "AWS::GroundStation::MissionProfile",
                "AWS::GuardDuty::Detector",
                "AWS::GuardDuty::Filter",
                "AWS::GuardDuty::IPSet",
                "AWS::GuardDuty::ThreatIntelSet",
                "AWS::HealthLake::FHIRDatastore",
                "AWS::IAM::OIDCProvider",
                "AWS::IAM::Role",
                "AWS::IAM::SAMLProvider",
                "AWS::IAM::ServerCertificate",
                "AWS::IAM::User",
                "AWS::IAM::VirtualMFADevice",
                "AWS::IVS::Channel",
                "AWS::IVS::PlaybackKeyPair",
                "AWS::IVS::RecordingConfiguration",
                "AWS::IVS::StreamKey",
                "AWS::IVSChat::LoggingConfiguration",
                "AWS::IVSChat::Room",
                "AWS::ImageBuilder::Component",
                "AWS::ImageBuilder::ContainerRecipe",
                "AWS::ImageBuilder::DistributionConfiguration",
                "AWS::ImageBuilder::Image",
                "AWS::ImageBuilder::ImagePipeline",
                "AWS::ImageBuilder::ImageRecipe",
                "AWS::ImageBuilder::InfrastructureConfiguration",
                "AWS::Inspector::ResourceGroup",
                "AWS::InternetMonitor::Monitor",
                "AWS::IoT::Authorizer",
                "AWS::IoT::BillingGroup",
                "AWS::IoT::CACertificate",
                "AWS::IoT::CustomMetric",
                "AWS::IoT::Dimension",
                "AWS::IoT::DomainConfiguration",
                "AWS::IoT::FleetMetric",
                "AWS::IoT::JobTemplate",
                "AWS::IoT::MitigationAction",
                "AWS::IoT::ProvisioningTemplate",
                "AWS::IoT::RoleAlias",
                "AWS::IoT::ScheduledAudit",
                "AWS::IoT::SecurityProfile",
                "AWS::IoT::ThingGroup",
                "AWS::IoT::ThingType",
                "AWS::IoT::TopicRule",
                "AWS::IoTAnalytics::Channel",
                "AWS::IoTAnalytics::Dataset",
                "AWS::IoTAnalytics::Datastore",
                "AWS::IoTAnalytics::Pipeline",
                "AWS::IoTCoreDeviceAdvisor::SuiteDefinition",
                "AWS::IoTEvents::AlarmModel",
                "AWS::IoTEvents::DetectorModel",
                "AWS::IoTEvents::Input",
                "AWS::IoTFleetHub::Application",
                "AWS::IoTFleetWise::Campaign",
                "AWS::IoTFleetWise::DecoderManifest",
                "AWS::IoTFleetWise::Fleet",
                "AWS::IoTFleetWise::ModelManifest",
                "AWS::IoTFleetWise::SignalCatalog",
                "AWS::IoTFleetWise::Vehicle",
                "AWS::IoTSiteWise::Asset",
                "AWS::IoTSiteWise::AssetModel",
                "AWS::IoTSiteWise::Dashboard",
                "AWS::IoTSiteWise::Gateway",
                "AWS::IoTSiteWise::Portal",
                "AWS::IoTSiteWise::Project",
                "AWS::IoTTwinMaker::ComponentType",
                "AWS::IoTTwinMaker::Entity",
                "AWS::IoTTwinMaker::Scene",
                "AWS::IoTTwinMaker::SyncJob",
                "AWS::IoTTwinMaker::Workspace",
                "AWS::IoTWireless::Destination",
                "AWS::IoTWireless::DeviceProfile",
                "AWS::IoTWireless::FuotaTask",
                "AWS::IoTWireless::MulticastGroup",
                "AWS::IoTWireless::NetworkAnalyzerConfiguration",
                "AWS::IoTWireless::PartnerAccount",
                "AWS::IoTWireless::ServiceProfile",
                "AWS::IoTWireless::TaskDefinition",
                "AWS::IoTWireless::WirelessDevice",
                "AWS::IoTWireless::WirelessDeviceImportTask",
                "AWS::IoTWireless::WirelessGateway",
                "AWS::KMS::Key",
                "AWS::KMS::ReplicaKey",
                "AWS::Kendra::DataSource",
                "AWS::Kendra::Faq",
                "AWS::Kendra::Index",
                "AWS::KendraRanking::ExecutionPlan",
                "AWS::Kinesis::Stream",
                "AWS::KinesisAnalyticsV2::Application",
                "AWS::KinesisFirehose::DeliveryStream",
                "AWS::KinesisVideo::SignalingChannel",
                "AWS::KinesisVideo::Stream",
                "AWS::Lambda::Function",
                "AWS::Lex::Bot",
                "AWS::Lex::BotAlias",
                "AWS::Lightsail::Bucket",
                "AWS::Lightsail::Certificate",
                "AWS::Lightsail::Container",
                "AWS::Lightsail::Database",
                "AWS::Lightsail::Disk",
                "AWS::Lightsail::Distribution",
                "AWS::Lightsail::Instance",
                "AWS::Lightsail::LoadBalancer",
                "AWS::Logs::LogGroup",
                "AWS::LookoutEquipment::InferenceScheduler",
                "AWS::M2::Application",
                "AWS::M2::Environment",
                "AWS::MSK::Cluster",
                "AWS::MSK::ServerlessCluster",
                "AWS::MSK::VpcConnection",
                "AWS::MWAA::Environment",
                "AWS::Macie::AllowList",
                "AWS::ManagedBlockchain::Accessor",
                "AWS::MediaConvert::JobTemplate",
                "AWS::MediaConvert::Preset",
                "AWS::MediaConvert::Queue",
                "AWS::MediaLive::Channel",
                "AWS::MediaLive::Input",
                "AWS::MediaLive::InputSecurityGroup",
                "AWS::MediaPackage::Asset",
                "AWS::MediaPackage::Channel",
                "AWS::MediaPackage::OriginEndpoint",
                "AWS::MediaPackage::PackagingConfiguration",
                "AWS::MediaPackage::PackagingGroup",
                "AWS::MediaStore::Container",
                "AWS::MediaTailor::PlaybackConfiguration",
                "AWS::MemoryDB::ACL",
                "AWS::MemoryDB::Cluster",
                "AWS::MemoryDB::ParameterGroup",
                "AWS::MemoryDB::SubnetGroup",
                "AWS::MemoryDB::User",
                "AWS::Neptune::DBCluster",
                "AWS::Neptune::DBClusterParameterGroup",
                "AWS::Neptune::DBInstance",
                "AWS::Neptune::DBParameterGroup",
                "AWS::Neptune::DBSubnetGroup",
                "AWS::NetworkFirewall::Firewall",
                "AWS::NetworkFirewall::FirewallPolicy",
                "AWS::NetworkFirewall::RuleGroup",
                "AWS::NetworkManager::ConnectAttachment",
                "AWS::NetworkManager::ConnectPeer",
                "AWS::NetworkManager::CoreNetwork",
                "AWS::NetworkManager::Device",
                "AWS::NetworkManager::GlobalNetwork",
                "AWS::NetworkManager::Link",
                "AWS::NetworkManager::Site",
                "AWS::NetworkManager::SiteToSiteVpnAttachment",
                "AWS::NetworkManager::TransitGatewayPeering",
                "AWS::NetworkManager::TransitGatewayRouteTableAttachment",
                "AWS::NetworkManager::VpcAttachment",
                "AWS::NimbleStudio::LaunchProfile",
                "AWS::NimbleStudio::StreamingImage",
                "AWS::NimbleStudio::Studio",
                "AWS::NimbleStudio::StudioComponent",
                "AWS::OSIS::Pipeline",
                "AWS::Oam::Link",
                "AWS::Oam::Sink",
                "AWS::Omics::AnnotationStore",
                "AWS::Omics::ReferenceStore",
                "AWS::Omics::RunGroup",
                "AWS::Omics::SequenceStore",
                "AWS::Omics::VariantStore",
                "AWS::Omics::Workflow",
                "AWS::OpenSearchServerless::Collection",
                "AWS::OpenSearchService::Domain",
                "AWS::OpsWorks::Layer",
                "AWS::OpsWorks::Stack",
                "AWS::OpsWorksCM::Server",
                "AWS::Organizations::Account",
                "AWS::Organizations::OrganizationalUnit",
                "AWS::Organizations::Policy",
                "AWS::Organizations::ResourcePolicy",
                "AWS::Panorama::ApplicationInstance",
                "AWS::Panorama::Package",
                "AWS::Pinpoint::App",
                "AWS::Pinpoint::Campaign",
                "AWS::Pinpoint::EmailTemplate",
                "AWS::Pinpoint::InAppTemplate",
                "AWS::Pinpoint::PushTemplate",
                "AWS::Pinpoint::Segment",
                "AWS::Pinpoint::SmsTemplate",
                "AWS::PinpointEmail::ConfigurationSet",
                "AWS::PinpointEmail::DedicatedIpPool",
                "AWS::PinpointEmail::Identity",
                "AWS::Pipes::Pipe",
                "AWS::Proton::EnvironmentAccountConnection",
                "AWS::Proton::EnvironmentTemplate",
                "AWS::Proton::ServiceTemplate",
                "AWS::QLDB::Ledger",
                "AWS::QLDB::Stream",
                "AWS::QuickSight::Analysis",
                "AWS::QuickSight::Dashboard",
                "AWS::QuickSight::DataSet",
                "AWS::QuickSight::DataSource",
                "AWS::QuickSight::Template",
                "AWS::QuickSight::Theme",
                "AWS::QuickSight::VPCConnection",
                "AWS::RAM::Permission",
                "AWS::RAM::ResourceShare",
                "AWS::RDS::DBCluster",
                "AWS::RDS::DBClusterParameterGroup",
                "AWS::RDS::DBInstance",
                "AWS::RDS::DBParameterGroup",
                "AWS::RDS::DBProxy",
                "AWS::RDS::DBProxyEndpoint",
                "AWS::RDS::DBSecurityGroup",
                "AWS::RDS::DBSubnetGroup",
                "AWS::RDS::EventSubscription",
                "AWS::RDS::OptionGroup",
                "AWS::RUM::AppMonitor",
                "AWS::Redshift::Cluster",
                "AWS::Redshift::ClusterParameterGroup",
                "AWS::Redshift::ClusterSecurityGroup",
                "AWS::Redshift::ClusterSubnetGroup",
                "AWS::Redshift::EventSubscription",
                "AWS::RedshiftServerless::Namespace",
                "AWS::RedshiftServerless::Workgroup",
                "AWS::RefactorSpaces::Application",
                "AWS::RefactorSpaces::Environment",
                "AWS::RefactorSpaces::Route",
                "AWS::RefactorSpaces::Service",
                "AWS::Rekognition::Collection",
                "AWS::Rekognition::StreamProcessor",
                "AWS::ResilienceHub::App",
                "AWS::ResilienceHub::ResiliencyPolicy",
                "AWS::ResourceExplorer2::Index",
                "AWS::ResourceExplorer2::View",
                "AWS::ResourceGroups::Group",
                "AWS::RoboMaker::Fleet",
                "AWS::RoboMaker::Robot",
                "AWS::RoboMaker::RobotApplication",
                "AWS::RoboMaker::SimulationApplication",
                "AWS::RolesAnywhere::CRL",
                "AWS::RolesAnywhere::Profile",
                "AWS::RolesAnywhere::TrustAnchor",
                "AWS::Route53::HealthCheck",
                "AWS::Route53::HostedZone",
                "AWS::Route53RecoveryControl::Cluster",
                "AWS::Route53RecoveryControl::ControlPanel",
                "AWS::Route53RecoveryControl::SafetyRule",
                "AWS::Route53RecoveryReadiness::Cell",
                "AWS::Route53RecoveryReadiness::ReadinessCheck",
                "AWS::Route53RecoveryReadiness::RecoveryGroup",
                "AWS::Route53RecoveryReadiness::ResourceSet",
                "AWS::Route53Resolver::FirewallDomainList",
                "AWS::Route53Resolver::FirewallRuleGroup",
                "AWS::Route53Resolver::FirewallRuleGroupAssociation",
                "AWS::Route53Resolver::ResolverEndpoint",
                "AWS::Route53Resolver::ResolverRule",
                "AWS::S3::Bucket",
                "AWS::S3::StorageLens",
                "AWS::S3Outposts::Bucket",
                "AWS::SES::ContactList",
                "AWS::SNS::Topic",
                "AWS::SQS::Queue",
                "AWS::SSM::Document",
                "AWS::SSM::MaintenanceWindow",
                "AWS::SSM::Parameter",
                "AWS::SSM::PatchBaseline",
                "AWS::SSMContacts::Rotation",
                "AWS::SSMIncidents::ReplicationSet",
                "AWS::SSMIncidents::ResponsePlan",
                "AWS::SSO::PermissionSet",
                "AWS::SageMaker::App",
                "AWS::SageMaker::AppImageConfig",
                "AWS::SageMaker::CodeRepository",
                "AWS::SageMaker::DataQualityJobDefinition",
                "AWS::SageMaker::Device",
                "AWS::SageMaker::DeviceFleet",
                "AWS::SageMaker::Domain",
                "AWS::SageMaker::Endpoint",
                "AWS::SageMaker::EndpointConfig",
                "AWS::SageMaker::FeatureGroup",
                "AWS::SageMaker::Image",
                "AWS::SageMaker::InferenceExperiment",
                "AWS::SageMaker::Model",
                "AWS::SageMaker::ModelBiasJobDefinition",
                "AWS::SageMaker::ModelCard",
                "AWS::SageMaker::ModelExplainabilityJobDefinition",
                "AWS::SageMaker::ModelPackage",
                "AWS::SageMaker::ModelPackageGroup",
                "AWS::SageMaker::ModelQualityJobDefinition",
                "AWS::SageMaker::MonitoringSchedule",
                "AWS::SageMaker::NotebookInstance",
                "AWS::SageMaker::Pipeline",
                "AWS::SageMaker::Project",
                "AWS::SageMaker::Space",
                "AWS::SageMaker::UserProfile",
                "AWS::SageMaker::Workteam",
                "AWS::Scheduler::ScheduleGroup",
                "AWS::SecretsManager::Secret",
                "AWS::SecurityHub::Hub",
                "AWS::ServiceCatalog::CloudFormationProduct",
                "AWS::ServiceCatalog::CloudFormationProvisionedProduct",
                "AWS::ServiceCatalog::Portfolio",
                "AWS::ServiceCatalogAppRegistry::Application",
                "AWS::ServiceCatalogAppRegistry::AttributeGroup",
                "AWS::ServiceDiscovery::HttpNamespace",
                "AWS::ServiceDiscovery::PrivateDnsNamespace",
                "AWS::ServiceDiscovery::PublicDnsNamespace",
                "AWS::ServiceDiscovery::Service",
                "AWS::Signer::SigningProfile",
                "AWS::StepFunctions::Activity",
                "AWS::StepFunctions::StateMachine",
                "AWS::Synthetics::Canary",
                "AWS::Synthetics::Group",
                "AWS::SystemsManagerSAP::Application",
                "AWS::Timestream::Database",
                "AWS::Timestream::ScheduledQuery",
                "AWS::Timestream::Table",
                "AWS::Transfer::Agreement",
                "AWS::Transfer::Certificate",
                "AWS::Transfer::Connector",
                "AWS::Transfer::Profile",
                "AWS::Transfer::Server",
                "AWS::Transfer::User",
                "AWS::Transfer::Workflow",
                "AWS::VoiceID::Domain",
                "AWS::VpcLattice::AccessLogSubscription",
                "AWS::VpcLattice::Listener",
                "AWS::VpcLattice::Rule",
                "AWS::VpcLattice::Service",
                "AWS::VpcLattice::ServiceNetwork",
                "AWS::VpcLattice::ServiceNetworkServiceAssociation",
                "AWS::VpcLattice::ServiceNetworkVpcAssociation",
                "AWS::VpcLattice::TargetGroup",
                "AWS::WAFv2::IPSet",
                "AWS::WAFv2::RegexPatternSet",
                "AWS::WAFv2::RuleGroup",
                "AWS::WAFv2::WebACL",
                "AWS::Wisdom::Assistant",
                "AWS::Wisdom::AssistantAssociation",
                "AWS::Wisdom::KnowledgeBase",
                "AWS::WorkSpaces::ConnectionAlias",
                "AWS::WorkSpaces::Workspace",
                "AWS::XRay::Group",
                "AWS::XRay::SamplingRule"
            ],
            "permissions": [
                "cloudformation:DescribeStacks"
            ]
        },
        "preUpdate": {
            "targetNames": [
                "AWS::ACMPCA::CertificateAuthority",
                "AWS::APS::RuleGroupsNamespace",
                "AWS::APS::Workspace",
                "AWS::AccessAnalyzer::Analyzer",
                "AWS::AmazonMQ::Broker",
                "AWS::AmazonMQ::Configuration",
                "AWS::Amplify::App",
                "AWS::Amplify::Branch",
                "AWS::AmplifyUIBuilder::Component",
                "AWS::AmplifyUIBuilder::Form",
                "AWS::AmplifyUIBuilder::Theme",
                "AWS::ApiGateway::ApiKey",
                "AWS::ApiGateway::ClientCertificate",
                "AWS::ApiGateway::DomainName",
                "AWS::ApiGateway::RestApi",
                "AWS::ApiGateway::Stage",
                "AWS::ApiGateway::UsagePlan",
                "AWS::ApiGateway::VpcLink",
                "AWS::ApiGatewayV2::Api",
                "AWS::ApiGatewayV2::DomainName",
                "AWS::ApiGatewayV2::Stage",
                "AWS::ApiGatewayV2::VpcLink",
                "AWS::AppConfig::Application",
                "AWS::AppConfig::ConfigurationProfile",
                "AWS::AppConfig::Deployment",
                "AWS::AppConfig::DeploymentStrategy",
                "AWS::AppConfig::Environment",
                "AWS::AppConfig::Extension",
                "AWS::AppConfig::ExtensionAssociation",
                "AWS::AppFlow::Flow",
                "AWS::AppIntegrations::DataIntegration",
                "AWS::AppIntegrations::EventIntegration",
                "AWS::AppMesh::GatewayRoute",
                "AWS::AppMesh::Mesh",
                "AWS::AppMesh::Route",
                "AWS::AppMesh::VirtualGateway",
                "AWS::AppMesh::VirtualNode",
                "AWS::AppMesh::VirtualRouter",
                "AWS::AppMesh::VirtualService",
                "AWS::AppRunner::ObservabilityConfiguration",
                "AWS::AppRunner::Service",
                "AWS::AppRunner::VpcConnector",
                "AWS::AppRunner::VpcIngressConnection",
                "AWS::AppStream::AppBlock",
                "AWS::AppStream::Application",
                "AWS::AppStream::Fleet",
                "AWS::AppStream::ImageBuilder",
                "AWS::AppStream::Stack",
                "AWS::AppSync::GraphQLApi",
                "AWS::ApplicationInsights::Application",
                "AWS::Athena::DataCatalog",
                "AWS::Athena::WorkGroup",
                "AWS::AuditManager::Assessment",
                "AWS::AutoScaling::AutoScalingGroup",
                "AWS::Backup::BackupPlan",
                "AWS::Backup::BackupVault",
                "AWS::Backup::Framework",
                "AWS::Backup::ReportPlan",
                "AWS::BackupGateway::Hypervisor",
                "AWS::Batch::ComputeEnvironment",
                "AWS::Batch::JobDefinition",
                "AWS::Batch::JobQueue",
                "AWS::Batch::SchedulingPolicy",
                "AWS::BillingConductor::BillingGroup",
                "AWS::BillingConductor::CustomLineItem",
                "AWS::BillingConductor::PricingPlan",
                "AWS::BillingConductor::PricingRule",
                "AWS::CE::AnomalyMonitor",
                "AWS::CE::AnomalySubscription",
                "AWS::Cassandra::Keyspace",
                "AWS::Cassandra::Table",
                "AWS::CertificateManager::Certificate",
                "AWS::Cloud9::EnvironmentEC2",
                "AWS::CloudFormation::Stack",
                "AWS::CloudFormation::StackSet",
                "AWS::CloudFront::Distribution",
                "AWS::CloudFront::StreamingDistribution",
                "AWS::CloudTrail::Channel",
                "AWS::CloudTrail::EventDataStore",
                "AWS::CloudTrail::Trail",
                "AWS::CloudWatch::InsightRule",
                "AWS::CloudWatch::MetricStream",
                "AWS::CodeArtifact::Domain",
                "AWS::CodeArtifact::Repository",
                "AWS::CodeBuild::Project",
                "AWS::CodeBuild::ReportGroup",
                "AWS::CodeCommit::Repository",
                "AWS::CodeDeploy::Application",
                "AWS::CodeDeploy::DeploymentGroup",
                "AWS::CodeGuruProfiler::ProfilingGroup",
                "AWS::CodeGuruReviewer::RepositoryAssociation",
                "AWS::CodePipeline::CustomActionType",
                "AWS::CodePipeline::Pipeline",
                "AWS::CodeStarConnections::Connection",
                "AWS::CodeStarNotifications::NotificationRule",
                "AWS::Cognito::UserPool",
                "AWS::Comprehend::Flywheel",
                "AWS::Config::AggregationAuthorization",
                "AWS::Config::ConfigurationAggregator",
                "AWS::Config::StoredQuery",
                "AWS::Connect::ContactFlow",
                "AWS::Connect::ContactFlowModule",
                "AWS::Connect::EvaluationForm",
                "AWS::Connect::HoursOfOperation",
                "AWS::Connect::PhoneNumber",
                "AWS::Connect::QuickConnect",
                "AWS::Connect::Rule",
                "AWS::Connect::TaskTemplate",
                "AWS::Connect::User",
                "AWS::ConnectCampaigns::Campaign",
                "AWS::CustomerProfiles::Domain",
                "AWS::CustomerProfiles::Integration",
                "AWS::CustomerProfiles::ObjectType",
                "AWS::DAX::Cluster",
                "AWS::DLM::LifecyclePolicy",
                "AWS::DMS::Endpoint",
                "AWS::DMS::EventSubscription",
                "AWS::DMS::ReplicationInstance",
                "AWS::DMS::ReplicationSubnetGroup",
                "AWS::DMS::ReplicationTask",
                "AWS::DataBrew::Dataset",
                "AWS::DataBrew::Job",
                "AWS::DataBrew::Project",
                "AWS::DataBrew::Recipe",
                "AWS::DataBrew::Ruleset",
                "AWS::DataBrew::Schedule",
                "AWS::DataPipeline::Pipeline",
                "AWS::DataSync::Agent",
                "AWS::DataSync::LocationEFS",
                "AWS::DataSync::LocationFSxLustre",
                "AWS::DataSync::LocationFSxONTAP",
                "AWS::DataSync::LocationFSxOpenZFS",
                "AWS::DataSync::LocationFSxWindows",
                "AWS::DataSync::LocationHDFS",
                "AWS::DataSync::LocationNFS",
                "AWS::DataSync::LocationObjectStorage",
                "AWS::DataSync::LocationS3",
                "AWS::DataSync::LocationSMB",
                "AWS::DataSync::StorageSystem",
                "AWS::DataSync::Task",
                "AWS::Detective::Graph",
                "AWS::DocDB::DBCluster",
                "AWS::DocDB::DBClusterParameterGroup",
                "AWS::DocDB::DBInstance",
                "AWS::DocDB::DBSubnetGroup",
                "AWS::DocDBElastic::Cluster",
                "AWS::DynamoDB::Table",
                "AWS::EC2::CapacityReservation",
                "AWS::EC2::CapacityReservationFleet",
                "AWS::EC2::CarrierGateway",
                "AWS::EC2::ClientVpnEndpoint",
                "AWS::EC2::CustomerGateway",
                "AWS::EC2::DHCPOptions",
                "AWS::EC2::EC2Fleet",
                "AWS::EC2::EIP",
                "AWS::EC2::FlowLog",
                "AWS::EC2::IPAM",
                "AWS::EC2::IPAMPool",
                "AWS::EC2::IPAMResourceDiscovery",
                "AWS::EC2::IPAMResourceDiscoveryAssociation",
                "AWS::EC2::IPAMScope",
                "AWS::EC2::Instance",
                "AWS::EC2::InternetGateway",
                "AWS::EC2::KeyPair",
                "AWS::EC2::LaunchTemplate",
                "AWS::EC2::LocalGatewayRouteTable",
                "AWS::EC2::LocalGatewayRouteTableVPCAssociation",
                "AWS::EC2::LocalGatewayRouteTableVirtualInterfaceGroupAssociation",
                "AWS::EC2::NatGateway",
                "AWS::EC2::NetworkAcl",
                "AWS::EC2::NetworkInsightsAccessScope",
                "AWS::EC2::NetworkInsightsAccessScopeAnalysis",
                "AWS::EC2::NetworkInsightsAnalysis",
                "AWS::EC2::NetworkInsightsPath",
                "AWS::EC2::NetworkInterface",
                "AWS::EC2::PlacementGroup",
                "AWS::EC2::PrefixList",
                "AWS::EC2::RouteTable",
                "AWS::EC2::SecurityGroup",
                "AWS::EC2::Subnet",
                "AWS::EC2::TrafficMirrorFilter",
                "AWS::EC2::TrafficMirrorSession",
                "AWS::EC2::TrafficMirrorTarget",
                "AWS::EC2::TransitGateway",
                "AWS::EC2::TransitGatewayAttachment",
                "AWS::EC2::TransitGatewayConnect",
                "AWS::EC2::TransitGatewayMulticastDomain",
                "AWS::EC2::TransitGatewayPeeringAttachment",
                "AWS::EC2::TransitGatewayRouteTable",
                "AWS::EC2::TransitGatewayVpcAttachment",
                "AWS::EC2::VPC",
                "AWS::EC2::VPCPeeringConnection",
                "AWS::EC2::VPNConnection",
                "AWS::EC2::VPNGateway",
                "AWS::EC2::VerifiedAccessEndpoint",
                "AWS::EC2::VerifiedAccessGroup",
                "AWS::EC2::VerifiedAccessInstance",
                "AWS::EC2::VerifiedAccessTrustProvider",
                "AWS::EC2::Volume",
                "AWS::ECR::PublicRepository",
                "AWS::ECR::Repository",
                "AWS::ECS::CapacityProvider",
                "AWS::ECS::Cluster",
                "AWS::ECS::Service",
                "AWS::ECS::TaskDefinition",
                "AWS::EFS::AccessPoint",
                "AWS::EFS::FileSystem",
                "AWS::EKS::Addon",
                "AWS::EKS::Cluster",
                "AWS::EKS::FargateProfile",
                "AWS::EKS::IdentityProviderConfig",
                "AWS::EKS::Nodegroup",
                "AWS::EMR::Cluster",
                "AWS::EMR::Studio",
                "AWS::EMRContainers::VirtualCluster",
                "AWS::EMRServerless::Application",
                "AWS::ElastiCache::CacheCluster",
                "AWS::ElastiCache::ParameterGroup",
                "AWS::ElastiCache::ReplicationGroup",
                "AWS::ElastiCache::SecurityGroup",
                "AWS::ElastiCache::SubnetGroup",
                "AWS::ElastiCache::User",
                "AWS::ElastiCache::UserGroup",
                "AWS::ElasticBeanstalk::Environment",
                "AWS::ElasticLoadBalancing::LoadBalancer",
                "AWS::ElasticLoadBalancingV2::LoadBalancer",
                "AWS::ElasticLoadBalancingV2::TargetGroup",
                "AWS::Elasticsearch::Domain",
                "AWS::EventSchemas::Discoverer",
                "AWS::EventSchemas::Registry",
                "AWS::EventSchemas::Schema",
                "AWS::Events::EventBus",
                "AWS::Evidently::Experiment",
                "AWS::Evidently::Feature",
                "AWS::Evidently::Launch",
                "AWS::Evidently::Project",
                "AWS::Evidently::Segment",
                "AWS::FIS::ExperimentTemplate",
                "AWS::FMS::Policy",
                "AWS::FMS::ResourceSet",
                "AWS::FSx::FileSystem",
                "AWS::FSx::Snapshot",
                "AWS::FSx::StorageVirtualMachine",
                "AWS::FSx::Volume",
                "AWS::FinSpace::Environment",
                "AWS::Forecast::Dataset",
                "AWS::Forecast::DatasetGroup",
                "AWS::FraudDetector::Detector",
                "AWS::FraudDetector::EntityType",
                "AWS::FraudDetector::EventType",
                "AWS::FraudDetector::Label",
                "AWS::FraudDetector::List",
                "AWS::FraudDetector::Outcome",
                "AWS::FraudDetector::Variable",
                "AWS::GameLift::GameServerGroup",
                "AWS::GameLift::GameSessionQueue",
                "AWS::GameLift::Location",
                "AWS::GameLift::MatchmakingConfiguration",
                "AWS::GameLift::MatchmakingRuleSet",
                "AWS::GameLift::Script",
                "AWS::GlobalAccelerator::Accelerator",
                "AWS::Glue::Crawler",
                "AWS::Glue::DevEndpoint",
                "AWS::Glue::Job",
                "AWS::Glue::MLTransform",
                "AWS::Glue::Registry",
                "AWS::Glue::Schema",
                "AWS::Glue::Trigger",
                "AWS::Glue::Workflow",
                "AWS::Greengrass::ConnectorDefinition",
                "AWS::Greengrass::CoreDefinition",
                "AWS::Greengrass::DeviceDefinition",
                "AWS::Greengrass::FunctionDefinition",
                "AWS::Greengrass::Group",
                "AWS::Greengrass::LoggerDefinition",
                "AWS::Greengrass::ResourceDefinition",
                "AWS::Greengrass::SubscriptionDefinition",
                "AWS::GreengrassV2::ComponentVersion",
                "AWS::GreengrassV2::Deployment",
                "AWS::GroundStation::Config",
                "AWS::GroundStation::DataflowEndpointGroup",
                "AWS::GroundStation::MissionProfile",
                "AWS::GuardDuty::Detector",
                "AWS::GuardDuty::Filter",
                "AWS::GuardDuty::IPSet",
                "AWS::GuardDuty::ThreatIntelSet",
                "AWS::HealthLake::FHIRDatastore",
                "AWS::IAM::OIDCProvider",
                "AWS::IAM::Role",
                "AWS::IAM::SAMLProvider",
                "AWS::IAM::ServerCertificate",
                "AWS::IAM::User",
                "AWS::IAM::VirtualMFADevice",
                "AWS::IVS::Channel",
                "AWS::IVS::PlaybackKeyPair",
                "AWS::IVS::RecordingConfiguration",
                "AWS::IVS::StreamKey",
                "AWS::IVSChat::LoggingConfiguration",
                "AWS::IVSChat::Room",
                "AWS::ImageBuilder::Component",
                "AWS::ImageBuilder::ContainerRecipe",
                "AWS::ImageBuilder::DistributionConfiguration",
                "AWS::ImageBuilder::Image",
                "AWS::ImageBuilder::ImagePipeline",
                "AWS::ImageBuilder::ImageRecipe",
                "AWS::ImageBuilder::InfrastructureConfiguration",
                "AWS::Inspector::ResourceGroup",
                "AWS::InternetMonitor::Monitor",
                "AWS::IoT::Authorizer",
                "AWS::IoT::BillingGroup",
                "AWS::IoT::CACertificate",
                "AWS::IoT::CustomMetric",
                "AWS::IoT::Dimension",
                "AWS::IoT::DomainConfiguration",
                "AWS::IoT::FleetMetric",
                "AWS::IoT::JobTemplate",
                "AWS::IoT::MitigationAction",
                "AWS::IoT::ProvisioningTemplate",
                "AWS::IoT::RoleAlias",
                "AWS::IoT::ScheduledAudit",
                "AWS::IoT::SecurityProfile",
                "AWS::IoT::ThingGroup",
                "AWS::IoT::ThingType",
                "AWS::IoT::TopicRule",
                "AWS::IoTAnalytics::Channel",
                "AWS::IoTAnalytics::Dataset",
                "AWS::IoTAnalytics::Datastore",
                "AWS::IoTAnalytics::Pipeline",
                "AWS::IoTCoreDeviceAdvisor::SuiteDefinition",
                "AWS::IoTEvents::AlarmModel",
                "AWS::IoTEvents::DetectorModel",
                "AWS::IoTEvents::Input",
                "AWS::IoTFleetHub::Application",
                "AWS::IoTFleetWise::Campaign",
                "AWS::IoTFleetWise::DecoderManifest",
                "AWS::IoTFleetWise::Fleet",
                "AWS::IoTFleetWise::ModelManifest",
                "AWS::IoTFleetWise::SignalCatalog",
                "AWS::IoTFleetWise::Vehicle",
                "AWS::IoTSiteWise::Asset",
                "AWS::IoTSiteWise::AssetModel",
                "AWS::IoTSiteWise::Dashboard",
                "AWS::IoTSiteWise::Gateway",
                "AWS::IoTSiteWise::Portal",
                "AWS::IoTSiteWise::Project",
                "AWS::IoTTwinMaker::ComponentType",
                "AWS::IoTTwinMaker::Entity",
                "AWS::IoTTwinMaker::Scene",
                "AWS::IoTTwinMaker::SyncJob",
                "AWS::IoTTwinMaker::Workspace",
                "AWS::IoTWireless::Destination",
                "AWS::IoTWireless::DeviceProfile",
                "AWS::IoTWireless::FuotaTask",
                "AWS::IoTWireless::MulticastGroup",
                "AWS::IoTWireless::NetworkAnalyzerConfiguration",
                "AWS::IoTWireless::PartnerAccount",
                "AWS::IoTWireless::ServiceProfile",
                "AWS::IoTWireless::TaskDefinition",
                "AWS::IoTWireless::WirelessDevice",
                "AWS::IoTWireless::WirelessDeviceImportTask",
                "AWS::IoTWireless::WirelessGateway",
                "AWS::KMS::Key",
                "AWS::KMS::ReplicaKey",
                "AWS::Kendra::DataSource",
                "AWS::Kendra::Faq",
                "AWS::Kendra::Index",
                "AWS::KendraRanking::ExecutionPlan",
                "AWS::Kinesis::Stream",
                "AWS::KinesisAnalyticsV2::Application",
                "AWS::KinesisFirehose::DeliveryStream",
                "AWS::KinesisVideo::SignalingChannel",
                "AWS::KinesisVideo::Stream",
                "AWS::Lambda::Function",
                "AWS::Lex::Bot",
                "AWS::Lex::BotAlias",
                "AWS::Lightsail::Bucket",
                "AWS::Lightsail::Certificate",
                "AWS::Lightsail::Container",
                "AWS::Lightsail::Database",
                "AWS::Lightsail::Disk",
                "AWS::Lightsail::Distribution",
                "AWS::Lightsail::Instance",
                "AWS::Lightsail::LoadBalancer",
                "AWS::Logs::LogGroup",
                "AWS::LookoutEquipment::InferenceScheduler",
                "AWS::M2::Application",
                "AWS::M2::Environment",
                "AWS::MSK::Cluster",
                "AWS::MSK::ServerlessCluster",
                "AWS::MSK::VpcConnection",
                "AWS::MWAA::Environment",
                "AWS::Macie::AllowList",
                "AWS::ManagedBlockchain::Accessor",
                "AWS::MediaConvert::JobTemplate",
                "AWS::MediaConvert::Preset",
                "AWS::MediaConvert::Queue",
                "AWS::MediaLive::Channel",
                "AWS::MediaLive::Input",
                "AWS::MediaLive::InputSecurityGroup",
                "AWS::MediaPackage::Asset",
                "AWS::MediaPackage::Channel",
                "AWS::MediaPackage::OriginEndpoint",
                "AWS::MediaPackage::PackagingConfiguration",
                "AWS::MediaPackage::PackagingGroup",
                "AWS::MediaStore::Container",
                "AWS::MediaTailor::PlaybackConfiguration",
                "AWS::MemoryDB::ACL",
                "AWS::MemoryDB::Cluster",
                "AWS::MemoryDB::ParameterGroup",
                "AWS::MemoryDB::SubnetGroup",
                "AWS::MemoryDB::User",
                "AWS::Neptune::DBCluster",
                "AWS::Neptune::DBClusterParameterGroup",
                "AWS::Neptune::DBInstance",
                "AWS::Neptune::DBParameterGroup",
                "AWS::Neptune::DBSubnetGroup",
                "AWS::NetworkFirewall::Firewall",
                "AWS::NetworkFirewall::FirewallPolicy",
                "AWS::NetworkFirewall::RuleGroup",
                "AWS::NetworkManager::ConnectAttachment",
                "AWS::NetworkManager::ConnectPeer",
                "AWS::NetworkManager::CoreNetwork",
                "AWS::NetworkManager::Device",
                "AWS::NetworkManager::GlobalNetwork",
                "AWS::NetworkManager::Link",
                "AWS::NetworkManager::Site",
                "AWS::NetworkManager::SiteToSiteVpnAttachment",
                "AWS::NetworkManager::TransitGatewayPeering",
                "AWS::NetworkManager::TransitGatewayRouteTableAttachment",
                "AWS::NetworkManager::VpcAttachment",
                "AWS::NimbleStudio::LaunchProfile",
                "AWS::NimbleStudio::StreamingImage",
                "AWS::NimbleStudio::Studio",
                "AWS::NimbleStudio::StudioComponent",
                "AWS::OSIS::Pipeline",
                "AWS::Oam::Link",
                "AWS::Oam::Sink",
                "AWS::Omics::AnnotationStore",
                "AWS::Omics::ReferenceStore",
                "AWS::Omics::RunGroup",
                "AWS::Omics::SequenceStore",
                "AWS::Omics::VariantStore",
                "AWS::Omics::Workflow",
                "AWS::OpenSearchServerless::Collection",
                "AWS::OpenSearchService::Domain",
                "AWS::OpsWorks::Layer",
                "AWS::OpsWorks::Stack",
                "AWS::OpsWorksCM::Server",
                "AWS::Organizations::Account",
                "AWS::Organizations::OrganizationalUnit",
                "AWS::Organizations::Policy",
                "AWS::Organizations::ResourcePolicy",
                "AWS::Panorama::ApplicationInstance",
                "AWS::Panorama::Package",
                "AWS::Pinpoint::App",
                "AWS::Pinpoint::Campaign",
                "AWS::Pinpoint::EmailTemplate",
                "AWS::Pinpoint::InAppTemplate",
                "AWS::Pinpoint::PushTemplate",
                "AWS::Pinpoint::Segment",
                "AWS::Pinpoint::SmsTemplate",
                "AWS::PinpointEmail::ConfigurationSet",
                "AWS::PinpointEmail::DedicatedIpPool",
                "AWS::PinpointEmail::Identity",
                "AWS::Pipes::Pipe",
                "AWS::Proton::EnvironmentAccountConnection",
                "AWS::Proton::EnvironmentTemplate",
                "AWS::Proton::ServiceTemplate",
                "AWS::QLDB::Ledger",
                "AWS::QLDB::Stream",
                "AWS::QuickSight::Analysis",
                "AWS::QuickSight::Dashboard",
                "AWS::QuickSight::DataSet",
                "AWS::QuickSight::DataSource",
                "AWS::QuickSight::Template",
                "AWS::QuickSight::Theme",
                "AWS::QuickSight::VPCConnection",
                "AWS::RAM::Permission",
                "AWS::RAM::ResourceShare",
                "AWS::RDS::DBCluster",
                "AWS::RDS::DBClusterParameterGroup",
                "AWS::RDS::DBInstance",
                "AWS::RDS::DBParameterGroup",
                "AWS::RDS::DBProxy",
                "AWS::RDS::DBProxyEndpoint",
                "AWS::RDS::DBSecurityGroup",
                "AWS::RDS::DBSubnetGroup",
                "AWS::RDS::EventSubscription",
                "AWS::RDS::OptionGroup",
                "AWS::RUM::AppMonitor",
                "AWS::Redshift::Cluster",
                "AWS::Redshift::ClusterParameterGroup",
                "AWS::Redshift::ClusterSecurityGroup",
                "AWS::Redshift::ClusterSubnetGroup",
                "AWS::Redshift::EventSubscription",
                "AWS::RedshiftServerless::Namespace",
                "AWS::RedshiftServerless::Workgroup",
                "AWS::RefactorSpaces::Application",
                "AWS::RefactorSpaces::Environment",
                "AWS::RefactorSpaces::Route",
                "AWS::RefactorSpaces::Service",
                "AWS::Rekognition::Collection",
                "AWS::Rekognition::StreamProcessor",
                "AWS::ResilienceHub::App",
                "AWS::ResilienceHub::ResiliencyPolicy",
                "AWS::ResourceExplorer2::Index",
                "AWS::ResourceExplorer2::View",
                "AWS::ResourceGroups::Group",
                "AWS::RoboMaker::Fleet",
                "AWS::RoboMaker::Robot",
                "AWS::RoboMaker::RobotApplication",
                "AWS::RoboMaker::SimulationApplication",
                "AWS::RolesAnywhere::CRL",
                "AWS::RolesAnywhere::Profile",
                "AWS::RolesAnywhere::TrustAnchor",
                "AWS::Route53::HealthCheck",
                "AWS::Route53::HostedZone",
                "AWS::Route53RecoveryControl::Cluster",
                "AWS::Route53RecoveryControl::ControlPanel",
                "AWS::Route53RecoveryControl::SafetyRule",
                "AWS::Route53RecoveryReadiness::Cell",
                "AWS::Route53RecoveryReadiness::ReadinessCheck",
                "AWS::Route53RecoveryReadiness::RecoveryGroup",
                "AWS::Route53RecoveryReadiness::ResourceSet",
                "AWS::Route53Resolver::FirewallDomainList",
                "AWS::Route53Resolver::FirewallRuleGroup",
                "AWS::Route53Resolver::FirewallRuleGroupAssociation",
                "AWS::Route53Resolver::ResolverEndpoint",
                "AWS::Route53Resolver::ResolverRule",
                "AWS::S3::Bucket",
                "AWS::S3::StorageLens",
                "AWS::S3Outposts::Bucket",
                "AWS::SES::ContactList",
                "AWS::SNS::Topic",
                "AWS::SQS::Queue",
                "AWS::SSM::Document",
                "AWS::SSM::MaintenanceWindow",
                "AWS::SSM::Parameter",
                "AWS::SSM::PatchBaseline",
                "AWS::SSMContacts::Rotation",
                "AWS::SSMIncidents::ReplicationSet",
                "AWS::SSMIncidents::ResponsePlan",
                "AWS::SSO::PermissionSet",
                "AWS::SageMaker::App",
                "AWS::SageMaker::AppImageConfig",
                "AWS::SageMaker::CodeRepository",
                "AWS::SageMaker::DataQualityJobDefinition",
                "AWS::SageMaker::Device",
                "AWS::SageMaker::DeviceFleet",
                "AWS::SageMaker::Domain",
                "AWS::SageMaker::Endpoint",
                "AWS::SageMaker::EndpointConfig",
                "AWS::SageMaker::FeatureGroup",
                "AWS::SageMaker::Image",
                "AWS::SageMaker::InferenceExperiment",
                "AWS::SageMaker::Model",
                "AWS::SageMaker::ModelBiasJobDefinition",
                "AWS::SageMaker::ModelCard",
                "AWS::SageMaker::ModelExplainabilityJobDefinition",
                "AWS::SageMaker::ModelPackage",
                "AWS::SageMaker::ModelPackageGroup",
                "AWS::SageMaker::ModelQualityJobDefinition",
                "AWS::SageMaker::MonitoringSchedule",
                "AWS::SageMaker::NotebookInstance",
                "AWS::SageMaker::Pipeline",
                "AWS::SageMaker::Project",
                "AWS::SageMaker::Space",
                "AWS::SageMaker::UserProfile",
                "AWS::SageMaker::Workteam",
                "AWS::Scheduler::ScheduleGroup",
                "AWS::SecretsManager::Secret",
                "AWS::SecurityHub::Hub",
                "AWS::ServiceCatalog::CloudFormationProduct",
                "AWS::ServiceCatalog::CloudFormationProvisionedProduct",
                "AWS::ServiceCatalog::Portfolio",
                "AWS::ServiceCatalogAppRegistry::Application",
                "AWS::ServiceCatalogAppRegistry::AttributeGroup",
                "AWS::ServiceDiscovery::HttpNamespace",
                "AWS::ServiceDiscovery::PrivateDnsNamespace",
                "AWS::ServiceDiscovery::PublicDnsNamespace",
                "AWS::ServiceDiscovery::Service",
                "AWS::Signer::SigningProfile",
                "AWS::StepFunctions::Activity",
                "AWS::StepFunctions::StateMachine",
                "AWS::Synthetics::Canary",
                "AWS::Synthetics::Group",
                "AWS::SystemsManagerSAP::Application",
                "AWS::Timestream::Database",
                "AWS::Timestream::ScheduledQuery",
                "AWS::Timestream::Table",
                "AWS::Transfer::Agreement",
                "AWS::Transfer::Certificate",
                "AWS::Transfer::Connector",
                "AWS::Transfer::Profile",
                "AWS::Transfer::Server",
                "AWS::Transfer::User",
                "AWS::Transfer::Workflow",
                "AWS::VoiceID::Domain",
                "AWS::VpcLattice::AccessLogSubscription",
                "AWS::VpcLattice::Listener",
                "AWS::VpcLattice::Rule",
                "AWS::VpcLattice::Service",
                "AWS::VpcLattice::ServiceNetwork",
                "AWS::VpcLattice::ServiceNetworkServiceAssociation",
                "AWS::VpcLattice::ServiceNetworkVpcAssociation",
                "AWS::VpcLattice::TargetGroup",
                "AWS::WAFv2::IPSet",
                "AWS::WAFv2::RegexPatternSet",
                "AWS::WAFv2::RuleGroup",
                "AWS::WAFv2::WebACL",
                "AWS::Wisdom::Assistant",
                "AWS::Wisdom::AssistantAssociation",
                "AWS::Wisdom::KnowledgeBase",
                "AWS::WorkSpaces::ConnectionAlias",
                "AWS::WorkSpaces::Workspace",
                "AWS::XRay::Group",
                "AWS::XRay::SamplingRule"
            ],
            "permissions": [
                "cloudformation:DescribeStacks"
            ]
        }
    },
    "additionalProperties": false
}
