{
    "properties": {
        "TagKeys": {
            "description": "Comma-delimited list of tag keys you require.",
            "default": "Name,",
            "type": "string"
        },
        "ValidationStrategy": {
            "description": "Choose to specify `resource` (default value), `stack`, or `resource+stack` to validate tag keys and values at the resource level, at the stack level, or both respectively.",
            "default": "resource",
            "type": "string",
            "enum": [
                "resource",
                "stack",
                "resource+stack"
            ]
        }
    },
    "required": [
        "TagKeys"
    ],
    "additionalProperties": false,
    "definitions": {},
    "typeName": "AWSSamples::ResourceTags::Hook"
}
