{
    "AWS::ApiGatewayV2::Api": {
        "resourceProperties": {
            "Body": {
                "paths": {
                    "/post": {
                        "post": {
                            "x-amazon-apigateway-integration": {
                                "payloadFormatVersion": "1.0",
                                "httpMethod": "POST",
                                "type": "aws_proxy",
                                "uri": "..."
                            }
                        }
                    }
                }
            }
        }
    },
    "AWS::ApiGateway::Method": {
        "resourceProperties": {
            "HttpMethod": "GET"
        }
    },
    "AWS::ApiGateway::RestApi": {
        "resourceProperties": {
            "Body": {
                "paths": {
                    "/post": {
                        "post": {
                            "x-amazon-apigateway-integration": {
                                "payloadFormatVersion": "1.0",
                                "httpMethod": "POST",
                                "type": "aws_proxy",
                                "uri": "..."
                            }
                        }
                    }
                }
            }
        }
    },
    "AWS::ApiGatewayV2::Route": {
        "resourceProperties": {
            "HttpMethod": "GET"
        }
    }
}