{
    "typeName": "AWSSamples::SQSNonPublic::Hook",
    "description": "Example hook to validate that SQS queues are not publicly accessible.",
        "sourceUrl": "https://github.com/aws-cloudformation/aws-cloudformation-samples/tree/main/hooks/java-hooks/sqs-policy-non-public",
    "documentationUrl": "https://github.com/aws-cloudformation/aws-cloudformation-samples/blob/main/hooks/java-hooks/sqs-policy-non-public/README.md",
    "typeConfiguration": {
        "properties": {
        },
        "additionalProperties": false
    },
    "required": [],
    "handlers": {
        "preCreate": {
            "targetNames": [
                "AWS::SQS::QueuePolicy"
            ],
            "permissions": []
        },
        "preUpdate": {
            "targetNames": [
                "AWS::SQS::QueuePolicy"
            ],
            "permissions": []
        }
    },
    "additionalProperties": false
}
